{"frames":{"win_png":{"x":1,"y":1,"w":652,"h":1159,"offX":0,"offY":0,"sourceW":650,"sourceH":1157},"defaultBg_png":{"x":655,"y":1,"w":642,"h":1138,"offX":0,"offY":0,"sourceW":640,"sourceH":1136},"homebg_png":{"x":1299,"y":1,"w":642,"h":1138,"offX":0,"offY":0,"sourceW":640,"sourceH":1136},"start_jpg":{"x":655,"y":1141,"w":262,"h":263,"offX":0,"offY":0,"sourceW":260,"sourceH":261},"yellowbtn_jpg":{"x":919,"y":1141,"w":262,"h":262,"offX":0,"offY":0,"sourceW":260,"sourceH":260},"chapter_sceen_jpg":{"x":1183,"y":1141,"w":171,"h":302,"offX":0,"offY":0,"sourceW":169,"sourceH":300},"cat_jpg":{"x":1356,"y":1141,"w":227,"h":227,"offX":0,"offY":0,"sourceW":225,"sourceH":225},"level1_jpg":{"x":1585,"y":1141,"w":282,"h":182,"offX":0,"offY":0,"sourceW":280,"sourceH":180},"okbtn_jpg":{"x":1,"y":1162,"w":226,"h":227,"offX":0,"offY":0,"sourceW":224,"sourceH":225},"pause_png":{"x":229,"y":1162,"w":186,"h":186,"offX":0,"offY":0,"sourceW":184,"sourceH":184},"prompt_png":{"x":417,"y":1162,"w":186,"h":186,"offX":0,"offY":0,"sourceW":184,"sourceH":184},"reset_png":{"x":1585,"y":1325,"w":186,"h":186,"offX":0,"offY":0,"sourceW":184,"sourceH":184},"n9_png":{"x":1869,"y":1141,"w":163,"h":197,"offX":0,"offY":0,"sourceW":161,"sourceH":195},"n3_png":{"x":1773,"y":1340,"w":163,"h":197,"offX":0,"offY":0,"sourceW":161,"sourceH":195},"n4_png":{"x":229,"y":1350,"w":163,"h":197,"offX":0,"offY":0,"sourceW":161,"sourceH":195},"n5_png":{"x":394,"y":1350,"w":163,"h":197,"offX":0,"offY":0,"sourceW":161,"sourceH":195},"n6_png":{"x":1356,"y":1370,"w":163,"h":197,"offX":0,"offY":0,"sourceW":161,"sourceH":195},"n7_png":{"x":1,"y":1391,"w":163,"h":197,"offX":0,"offY":0,"sourceW":161,"sourceH":195},"n8_png":{"x":919,"y":1405,"w":163,"h":197,"offX":0,"offY":0,"sourceW":161,"sourceH":195},"n1_png":{"x":559,"y":1406,"w":163,"h":197,"offX":0,"offY":0,"sourceW":161,"sourceH":195},"n0_png":{"x":724,"y":1406,"w":163,"h":197,"offX":0,"offY":0,"sourceW":161,"sourceH":195},"n2_png":{"x":1084,"y":1445,"w":163,"h":197,"offX":0,"offY":0,"sourceW":161,"sourceH":195},"again_png":{"x":1521,"y":1513,"w":202,"h":102,"offX":0,"offY":0,"sourceW":200,"sourceH":100},"exit_png":{"x":1725,"y":1539,"w":202,"h":102,"offX":0,"offY":0,"sourceW":200,"sourceH":100},"next_png":{"x":166,"y":1549,"w":202,"h":102,"offX":0,"offY":0,"sourceW":200,"sourceH":100},"egret_icon_png":{"x":1929,"y":1539,"w":117,"h":174,"offX":0,"offY":0,"sourceW":115,"sourceH":172},"storebtn_png":{"x":1249,"y":1569,"w":226,"h":77,"offX":0,"offY":0,"sourceW":224,"sourceH":75},"startbtn_png":{"x":370,"y":1605,"w":226,"h":77,"offX":0,"offY":0,"sourceW":224,"sourceH":75},"buy_png":{"x":598,"y":1605,"w":202,"h":69,"offX":0,"offY":0,"sourceW":200,"sourceH":67},"border_png":{"x":370,"y":1549,"w":179,"h":49,"offX":0,"offY":0,"sourceW":177,"sourceH":47},"unlock_png":{"x":1943,"y":1,"w":94,"h":92,"offX":0,"offY":0,"sourceW":92,"sourceH":90},"cadeado_png":{"x":1943,"y":95,"w":94,"h":92,"offX":0,"offY":0,"sourceW":92,"sourceH":90},"timer_png":{"x":1,"y":1590,"w":116,"h":47,"offX":0,"offY":0,"sourceW":114,"sourceH":45},"e1_png":{"x":1943,"y":189,"w":52,"h":52,"offX":0,"offY":0,"sourceW":50,"sourceH":50},"e5_png":{"x":1943,"y":243,"w":52,"h":51,"offX":0,"offY":0,"sourceW":50,"sourceH":49},"e4_png":{"x":1997,"y":189,"w":49,"h":52,"offX":0,"offY":0,"sourceW":47,"sourceH":50},"e3_png":{"x":1997,"y":243,"w":49,"h":52,"offX":0,"offY":0,"sourceW":47,"sourceH":50},"e2_png":{"x":1943,"y":296,"w":48,"h":52,"offX":0,"offY":0,"sourceW":46,"sourceH":50},"e0_png":{"x":1993,"y":297,"w":45,"h":52,"offX":0,"offY":0,"sourceW":43,"sourceH":50},"on_png":{"x":1943,"y":351,"w":67,"h":29,"offX":0,"offY":0,"sourceW":65,"sourceH":27},"off_png":{"x":1943,"y":382,"w":67,"h":29,"offX":0,"offY":0,"sourceW":65,"sourceH":27},"thumb_png":{"x":2012,"y":351,"w":27,"h":27,"offX":0,"offY":0,"sourceW":25,"sourceH":25},"checkbox_unselect_png":{"x":2012,"y":380,"w":25,"h":25,"offX":0,"offY":0,"sourceW":23,"sourceH":23},"checkbox_select_up_png":{"x":2012,"y":407,"w":25,"h":25,"offX":0,"offY":0,"sourceW":23,"sourceH":23},"handle_png":{"x":1943,"y":413,"w":25,"h":25,"offX":0,"offY":0,"sourceW":23,"sourceH":23},"checkbox_select_down_png":{"x":1970,"y":413,"w":25,"h":25,"offX":0,"offY":0,"sourceW":23,"sourceH":23},"checkbox_select_disabled_png":{"x":1997,"y":434,"w":25,"h":25,"offX":0,"offY":0,"sourceW":23,"sourceH":23},"radiobutton_select_up_png":{"x":1943,"y":440,"w":24,"h":24,"offX":0,"offY":0,"sourceW":22,"sourceH":22},"radiobutton_select_down_png":{"x":1969,"y":440,"w":24,"h":24,"offX":0,"offY":0,"sourceW":22,"sourceH":22},"radiobutton_select_disabled_png":{"x":1995,"y":461,"w":24,"h":24,"offX":0,"offY":0,"sourceW":22,"sourceH":22},"radiobutton_unselect_png":{"x":2021,"y":461,"w":24,"h":24,"offX":0,"offY":0,"sourceW":22,"sourceH":22},"header_png":{"x":2024,"y":434,"w":18,"h":18,"offX":0,"offY":0,"sourceW":16,"sourceH":16},"button_down_png":{"x":1943,"y":466,"w":18,"h":18,"offX":0,"offY":0,"sourceW":16,"sourceH":16},"selected_png":{"x":1963,"y":466,"w":18,"h":18,"offX":0,"offY":0,"sourceW":16,"sourceH":16},"button_up_png":{"x":1943,"y":486,"w":18,"h":18,"offX":0,"offY":0,"sourceW":16,"sourceH":16},"track_pb_png":{"x":2039,"y":1,"w":8,"h":8,"offX":0,"offY":0,"sourceW":6,"sourceH":6},"thumb_pb_png":{"x":2039,"y":11,"w":8,"h":8,"offX":0,"offY":0,"sourceW":6,"sourceH":6},"tracklight_png":{"x":2039,"y":21,"w":8,"h":8,"offX":0,"offY":0,"sourceW":6,"sourceH":6},"track_png":{"x":2039,"y":31,"w":8,"h":8,"offX":0,"offY":0,"sourceW":6,"sourceH":6},"track_sb_png":{"x":2039,"y":41,"w":8,"h":8,"offX":0,"offY":0,"sourceW":6,"sourceH":6},"roundthumb_png":{"x":2039,"y":51,"w":8,"h":8,"offX":0,"offY":0,"sourceW":6,"sourceH":6}},"file":"preload-1sheet_2dff0d28.png"}