{"groups":[{"keys":"checkbox_select_disabled_png,checkbox_select_down_png,checkbox_select_up_png,checkbox_unselect_png,selected_png,border_png,header_png,radiobutton_select_disabled_png,radiobutton_select_down_png,radiobutton_select_up_png,radiobutton_unselect_png,roundthumb_png,thumb_png,track_png,tracklight_png,handle_png,off_png,on_png,button_down_png,button_up_png,thumb_pb_png,track_pb_png,track_sb_png,egret_icon_png,description_json,cat_jpg,defaultBg_png,e0_png,e1_png,e2_png,e3_png,e4_png,e5_png,homebg_png,level1_jpg,n0_png,n1_png,n2_png,n3_png,n4_png,n5_png,n6_png,n7_png,n8_png,n9_png,start_jpg,timer_png,yellowbtn_jpg,chapterMap_json,chapter_sceen_jpg,cadeado_png,back_btn_jpg,store_jpg,okbtn_jpg,buy_png,buy_fail_jpg,startbtn_png,storebtn_png,back_btn_png,unlock_png,gameBg_png,prompt_png,reset_png,pause_png,lose_png,exit_png,next_png,win_png,again_png,store_png,buy_fail_png","name":"preload"}],"resources":[{"url":"config/description_2e5ca871.json","type":"json","name":"description_json"},{"url":"chapterMap_60cc5b81.json","type":"json","name":"chapterMap_json"},{"url":"assets/myPic/back_btn_1b7ac93e.jpg","type":"image","name":"back_btn_jpg"},{"url":"assets/myPic/store_2a547bc5.jpg","type":"image","name":"store_jpg"},{"url":"assets/myPic/buy_fail_52315dbe.jpg","type":"image","name":"buy_fail_jpg"},{"url":"assets/myPic/back_btn_2e9dafee.png","type":"image","name":"back_btn_png"},{"url":"assets/myPic/store_563a2b41.png","type":"image","name":"store_png"},{"url":"assets/myPic/buy_fail_39bd630e.png","type":"image","name":"buy_fail_png"},{"url":"packs0/preload-0sheet_4c46e080.json","type":"sheet","name":"preload-0sheet","subkeys":"lose_png,gameBg_png"},{"url":"packs0/preload-1sheet_59310684.json","type":"sheet","name":"preload-1sheet","subkeys":"yellowbtn_jpg,win_png,unlock_png,tracklight_png,track_sb_png,track_png,track_pb_png,timer_png,thumb_png,thumb_pb_png,storebtn_png,startbtn_png,start_jpg,selected_png,roundthumb_png,reset_png,radiobutton_unselect_png,radiobutton_select_up_png,radiobutton_select_down_png,radiobutton_select_disabled_png,prompt_png,pause_png,on_png,okbtn_jpg,off_png,next_png,n9_png,n8_png,n7_png,n6_png,n5_png,n4_png,n3_png,n2_png,n1_png,n0_png,level1_jpg,homebg_png,header_png,handle_png,exit_png,egret_icon_png,e5_png,e4_png,e3_png,e2_png,e1_png,e0_png,defaultBg_png,checkbox_unselect_png,checkbox_select_up_png,checkbox_select_down_png,checkbox_select_disabled_png,chapter_sceen_jpg,cat_jpg,cadeado_png,buy_png,button_up_png,button_down_png,border_png,again_png"}]}